<?xml version="1.0" encoding="utf-8"?>
<modification>
    <name>Multi Vendor</name>
    <code>vendor</code>
    <version>1.0</version> 
    <author>Letscms</author>
    <link>https://www.letscms.com</link>



    <file path="system/{engine,library}/{action,loader,config,language}*.php|system/library/template/template.php">
        <operation>
          <search regex="true">
            <![CDATA[~(require|include)(_once)?\(([^)]+)~]]>
          </search>
          <add position="replace">
            <![CDATA[$1$2(modification($3)]]>
          </add>
        </operation>
      </file>
      <file path="system/library/template/twig.php">
        <operation>
          <search>
            <![CDATA[if (is_file($file)) {]]>
          </search>
          <add position="replace">
            <![CDATA[if (defined('DIR_CATALOG') && is_file(DIR_MODIFICATION . 'admin/view/template/' . $filename . '.twig')) {  
                    $code = file_get_contents(DIR_MODIFICATION . 'admin/view/template/' . $filename . '.twig');
                } elseif (is_file(DIR_MODIFICATION . 'catalog/view/theme/' . $filename . '.twig')) {
                    $code = file_get_contents(DIR_MODIFICATION . 'catalog/view/theme/' . $filename . '.twig');
                } elseif (is_file($file)) {]]>
          </add>
        </operation>
      </file> 



    <file path="admin/controller/common/column_left.php">
        <operation>
            <search ><![CDATA[// Extension]]></search>
            <add position="after"><![CDATA[

                     if($this->config->get('module_lts_vendor_status')) {
                $this->load->language('vendor/lts_vendor_ocmod');

                $vendor = array();

                $vendor[]      = array(
                    'name'     => $this->language->get('text_configuration'),
                    'href'     => $this->url->link('extension/module/lts_vendor', 'user_token=' . $this->session->data['user_token'], true),
                    'children' => array()       
                );   

                //Catalog

                $catalog = array();
    
                if ($this->user->hasPermission('access', 'vendor/lts_vendor')) {        
                    $catalog[]      = array(
                        'name'     => $this->language->get('text_vendor_list'),
                        'href'     => $this->url->link('vendor/lts_vendor', 'user_token=' . $this->session->data['user_token'], true),
                        'children' => array()       
                    ); 
                }

                if ($this->user->hasPermission('access', 'vendor/lts_commission')) {        
                    $catalog[]      = array(
                        'name'     => $this->language->get('text_commission'),
                        'href'     => $this->url->link('vendor/lts_commission', 'user_token=' . $this->session->data['user_token'], true),
                        'children' => array()       
                    ); 
                }

                if ($this->user->hasPermission('access', 'vendor/lts_product')) {        
                    $catalog[]      = array(
                        'name'     => $this->language->get('text_vendor_product'),
                        'href'     => $this->url->link('vendor/lts_product', 'user_token=' . $this->session->data['user_token'], true),
                        'children' => array()       
                    );   
                } 

                 

                // category

                $category = array();

               /*  if ($this->user->hasPermission('access', 'vendor/lts_assigned_category')) {        
                    $category[]      = array(
                        'name'     => $this->language->get('text_assigned_category'),
                        'href'     => $this->url->link('vendor/lts_assigned_category', 'user_token=' . $this->session->data['user_token'], true),
                        'children' => array()       
                    );   
                }  */   

                if ($this->user->hasPermission('access', 'vendor/lts_vendor_category')) {        
                    $category[]      = array(
                        'name'     => $this->language->get('text_vendor_category'),
                        'href'     => $this->url->link('vendor/lts_vendor_category', 'user_token=' . $this->session->data['user_token'], true),
                        'children' => array()       
                    );   
                }  
                
                if ($category) {
                    $catalog[] = array(
                        'name'     => $this->language->get('text_category_vendor'),
                        'href'     => '',
                        'children' => $category
                    );
                }

                if ($catalog) {
                    $vendor[] = array(
                        'name'     => $this->language->get('text_catalog1'),
                        'href'     => '',
                        'children' => $catalog
                    );
                }

                //mapping

              /*$mapping = array();

                if ($this->user->hasPermission('access', 'vendor/lts_attribute')) {        
                    $mapping[]      = array(
                        'name'     => $this->language->get('text_attribute_vendor'),
                        'href'     => $this->url->link('vendor/lts_attribute', 'user_token=' . $this->session->data['user_token'], true),
                        'children' => array()       
                    );   
                }  
                
                if ($this->user->hasPermission('access', 'vendor/lts_option')) {        
                    $mapping[]      = array(
                        'name'     => $this->language->get('text_option_vendor'),
                        'href'     => $this->url->link('vendor/lts_option', 'user_token=' . $this->session->data['user_token'], true),
                        'children' => array()       
                    );   
                }  
                
                if ($category) {
                    $vendor[] = array(
                        'name'     => $this->language->get('text_mapping'),
                        'href'     => '',
                        'children' => $mapping
                    );
                }
                */

                // sales

                $sales = array();

                if ($this->user->hasPermission('access', 'vendor/lts_order')) {        
                    $sales[]      = array(
                        'name'     => $this->language->get('text_vendor_order'),
                        'href'     => $this->url->link('vendor/lts_order', 'user_token=' . $this->session->data['user_token'], true),
                        'children' => array()       
                    );   
                }

                if ($sales) {
                    $vendor[] = array(
                        'name'     => $this->language->get('text_sale1'),
                        'href'     => '',
                        'children' => $sales
                    );
                }

                if ($this->user->hasPermission('access', 'vendor/lts_mail')) {        
                    $vendor[]      = array(
                        'name'     => $this->language->get('text_vendor_mail'),
                        'href'     => $this->url->link('vendor/lts_mail', 'user_token=' . $this->session->data['user_token'], true),
                        'children' => array()       
                    );   
                }

                if ($this->user->hasPermission('access', 'vendor/lts_review')) {        
                    $vendor[]      = array(
                        'name'     => $this->language->get('text_review'),
                        'href'     => $this->url->link('vendor/lts_review', 'user_token=' . $this->session->data['user_token'], true),
                        'children' => array()       
                    );   
                }
             
                if ($this->user->hasPermission('access', 'vendor/lts_pincode')) {        
                    $vendor[]      = array(
                        'name'     => $this->language->get('text_pincode'),
                        'href'     => $this->url->link('vendor/lts_pincode', 'user_token=' . $this->session->data['user_token'], true),
                        'children' => array()       
                    );   
                }

                if ($this->user->hasPermission('access', 'vendor/lts_subscription')) {        
                    $vendor[]      = array(
                        'name'     => $this->language->get('text_subscription'),
                        'href'     => $this->url->link('vendor/lts_subscription', 'user_token=' . $this->session->data['user_token'], true),
                        'children' => array()       
                    );   
                }

                if ($this->user->hasPermission('access', 'vendor/lts_withdrawalform')) {        
                    $vendor[]      = array(
                        'name'     => $this->language->get('text_withdrawal_list'),
                        'href'     => $this->url->link('vendor/lts_withdrawalform', 'user_token=' . $this->session->data['user_token'], true),
                        'children' => array()       
                    );   
                }

                if ($this->user->hasPermission('access', 'vendor/lts_excel')) {        
                    $vendor[]      = array(
                        'name'     => $this->language->get('text_excel'),
                        'href'     => $this->url->link('vendor/lts_excel', 'user_token=' . $this->session->data['user_token'], true),
                        'children' => array()       
                    );   
                }

                if ($this->user->hasPermission('access', 'vendor/lts_seo')) {        
                    $vendor[]      = array(
                        'name'     => $this->language->get('text_seo'),
                        'href'     => $this->url->link('vendor/lts_seo', 'user_token=' . $this->session->data['user_token'], true),
                        'children' => array()       
                    );   
                }

                if ($this->user->hasPermission('access', 'vendor/lts_gateway')) {        
                    $vendor[]      = array(
                        'name'     => $this->language->get('text_gateway'),
                        'href'     => $this->url->link('vendor/lts_gateway', 'user_token=' . $this->session->data['user_token'], true),
                        'children' => array()       
                    );   
                }               
                if ($vendor) {                  
                    $data['menus'][] = array(
                        'id'       => 'menu-vendor',
                        'icon'     => 'fa-users', 
                        'name'     => $this->language->get('text_vendor'),
                        'href'     => '',
                        'children' => $vendor
                    );      
                }
            }
             ]]></add>
        </operation>
    </file>


     <file path="catalog/controller/account/account.php">
         <operation>
             <search ><![CDATA[$this->load->language('account/account');]]></search>
             <add position="after"><![CDATA[
                    
                $data['module_status'] = $this->config->get('module_lts_vendor_status');

                if($this->config->get('module_lts_vendor_status')) {
        
                    $this->load->model('account/customer');

                    $this->load->model('account/vendor/lts_vendor');
            $customer_info = $this->model_account_customer->getCustomer($this->customer->isLogged());
                    $vendor_info = $this->model_account_vendor_lts_vendor->getVendorStoreInfo($this->customer->isLogged());

                    if(!empty($vendor_info)) {
                        $data['has_vendor_profile'] = true;

                        $data['vendor_visit_store'] = $this->url->link('account/vendor/lts_dashboard', '', true); 
                        //$data['vendor_visit_store'] = $this->url->link('vendor/lts_visit', 'vendor_id='. $vendor_info['vendor_id'], true);
                    } else {                   
                         
                        $data['has_vendor_profile'] = false;
                        $data['vendor_visit_store'] = $this->url->link('account/vendor/lts_store', '', true); 

                    }
                }
         
                 ]]></add>
         </operation>
     </file>


     <file path="catalog/view/theme/*/template/account/account.twig">
         <operation>
             <search ><![CDATA[{{ content_bottom }}</div>]]></search>
             <add position="after"><![CDATA[
              
                {% if module_status %}
                     <aside id="column-right" class="col-sm-3 hidden-xs">
                        
                        <div class="list-group">
                            {% if has_vendor_profile %}
                            <a class="list-group-item" href="{{ vendor_visit_store }}"><i class="fa fa-dashboard"></i> Vendor Dashboard</a>
                            {% else %}  
                                                      
                            <a class="list-group-item" href="{{ vendor_visit_store }}"><i class="fa fa-question-circle"></i>Become a Vendor</a>
                            {% endif %}
                        </div>
                    
                    </aside> 

                {% endif %}


                 ]]></add>
         </operation>
         <operation>
             <search ><![CDATA[<li><a href="{{ edit }}">{{ text_edit }}</a></li>]]></search>
             <add position="before"><![CDATA[
              
                {% if module_status %}
                            {% if has_vendor_profile %}
                            <li><a href="{{ vendor_visit_store }}"> Vendor Dashboard</a></li>
                            {% else %}
                            <li><a href="{{ vendor_visit_store }}">Become a Vendor</a></li>
                            {% endif %}
                     
                {% endif %}


                 ]]></add>
         </operation>
     </file>







        
    <file path="admin/model/catalog/product.php">
        <operation>
            <search ><![CDATA[$query = $this->db->query("SELECT `product_id` FROM `" . DB_PREFIX . "product_recurring` WHERE `product_id` = '" . (int)$product_id . "' AND `customer_group_id = '" . (int)$recurring['customer_group_id'] . "' AND `recurring_id` = '" . (int)$recurring['recurring_id'] . "'");]]></search>
            <add position="replace"><![CDATA[
                $query = $this->db->query("SELECT `product_id` FROM `" . DB_PREFIX . "product_recurring` WHERE `product_id` = '" . (int)$product_id . "' AND `customer_group_id` = '" . (int)$recurring['customer_group_id'] . "' AND `recurring_id` = '" . (int)$recurring['recurring_id'] . "'");
             ]]></add>
        </operation> 
        <operation>
            <search ><![CDATA[$product_id = $this->db->getLastId();]]></search>
            <add position="after"><![CDATA[

                if($this->config->get('module_lts_vendor_status')) {
                    $this->load->model('vendor/lts_pincode');

                    if(isset($data['product_pincode'])) {
                        $this->model_vendor_lts_pincode->addProductPincode($product_id, $data['product_pincode']);
                    }
                }
             ]]></add>
        </operation> 

         <operation>
            <search ><![CDATA[public function editProduct($product_id, $data) {]]></search>
            <add position="after"><![CDATA[ 
                  if($this->config->get('module_lts_vendor_status')) {
                    $this->load->model('vendor/lts_pincode');

                    if(isset($data['product_pincode'])) {
                        $this->model_vendor_lts_pincode->editProductPincode($product_id, $data['product_pincode']);
                    }
                }
            ]]></add>
        </operation>

        <operation>
            <search ><![CDATA[$this->db->query("UPDATE " . DB_PREFIX . "product SET model = '" . $this->db->escape($data['model']) . "', sku = '" . $this->db->escape($data['sku']) . "', upc = '" . $this->db->escape($data['upc']) . "', ean = '" . $this->db->escape($data['ean']) . "', jan = '" . $this->db->escape($data['jan']) . "', isbn = '" . $this->db->escape($data['isbn']) . "', mpn = '" . $this->db->escape($data['mpn']) . "', location = '" . $this->db->escape($data['location']) . "', quantity = '" . (int)$data['quantity'] . "', minimum = '" . (int)$data['minimum'] . "', subtract = '" . (int)$data['subtract'] . "', stock_status_id = '" . (int)$data['stock_status_id'] . "', date_available = '" . $this->db->escape($data['date_available']) . "', manufacturer_id = '" . (int)$data['manufacturer_id'] . "', shipping = '" . (int)$data['shipping'] . "', price = '" . (float)$data['price'] . "', points = '" . (int)$data['points'] . "', weight = '" . (float)$data['weight'] . "', weight_class_id = '" . (int)$data['weight_class_id'] . "', length = '" . (float)$data['length'] . "', width = '" . (float)$data['width'] . "', height = '" . (float)$data['height'] . "', length_class_id = '" . (int)$data['length_class_id'] . "', status = '" . (int)$data['status'] . "', tax_class_id = '" . (int)$data['tax_class_id'] . "', sort_order = '" . (int)$data['sort_order'] . "', date_modified = NOW() WHERE product_id = '" . (int)$product_id . "'");]]></search>
            <add position="after"><![CDATA[ $result = $this->db->query("SELECT * FROM " . DB_PREFIX . "product WHERE product_id = '" . (int) $product_id . "'")->row;
                
                if(isset($result))          
                {               
                $this->db->query("UPDATE " . DB_PREFIX . "lts_product SET quantity ='".$result['quantity']."', price='".$result['price']."', status='".$result['status']."'  WHERE product_id = '" . (int)$product_id . "'");     
                }

                   
            ]]></add>
        </operation>

         <operation>
            <search ><![CDATA[public function deleteProduct($product_id) {]]></search>
            <add position="after"><![CDATA[ 
                $this->db->query("DELETE FROM " . DB_PREFIX . "lts_product WHERE product_id = '" . (int) $product_id . "'");
                $this->db->query("DELETE FROM " . DB_PREFIX . "lts_product_to_pincode WHERE product_id = '" . (int) $product_id . "'");
            ]]></add>
        </operation>
    </file>



       
    <file path="catalog/model/checkout/order.php">
        <operation>
            <search><![CDATA[public function addOrder($data) {]]></search>
                <add position="after"><![CDATA[
                    $this->load->model('vendor/lts_product');
                    $vendor_products = array();
                ]]></add>
        </operation> 
        <operation>
            <search><![CDATA[foreach ($order_products as $order_product) {]]></search>
                <add position="after"><![CDATA[
                    $is_subtract=$this->db->query("SELECT * FROM `" . DB_PREFIX . "product` WHERE product_id = '" . (int)$order_product['product_id'] . "' AND subtract = '1'");
                    if($is_subtract->num_rows){
                   $this->db->query("UPDATE " . DB_PREFIX . "lts_product SET quantity = (quantity - " . (int)$order_product['quantity'] . ") WHERE product_id = '" . (int)$order_product['product_id'] . "' ");
                   }
                ]]></add>
        </operation>
        <operation>
            <search><![CDATA[foreach($order_products as $order_product) {]]></search>
                <add position="after"><![CDATA[
                     $is_subtract=$this->db->query("SELECT * FROM `" . DB_PREFIX . "product` WHERE product_id = '" . (int)$order_product['product_id'] . "' AND subtract = '1'");
                    if($is_subtract->num_rows){
                  $this->db->query("UPDATE `" . DB_PREFIX . "lts_product` SET quantity = (quantity + " . (int)$order_product['quantity'] . ") WHERE product_id = '" . (int)$order_product['product_id'] . "' ");
                  }
                ]]></add>
        </operation>
        <operation>
            <search><![CDATA[public function editOrder($order_id, $data) {]]></search>
                <add position="after"><![CDATA[
                    $this->load->model('vendor/lts_product');
                    $vendor_products = array();
                ]]></add>
        </operation>
        <operation>
            <search ><![CDATA[$order_product_id = $this->db->getLastId();]]></search>
            <add position="after"><![CDATA[
                    $product_info = $this->model_vendor_lts_product->getVendorProduct($product['product_id']);

                    if($product_info) {
                        if(!empty($product_info['vendor_id'])) {
                            $vendor_products[] = $order_product_id;
                        }
                    }
                ]]></add>
        </operation>

        <operation>             
            <search index="0"><![CDATA[return $order_id;]]></search>
            <add position="before"><![CDATA[
               if($this->config->get('module_lts_vendor_status')) {

                     foreach($vendor_products as $order_product_id) {
                         $order_product_info = $this->db->query("SELECT * FROM " . DB_PREFIX . "order_product WHERE order_id = '" . (int)$order_id . "' AND order_product_id = '". (int)$order_product_id ."'")->row;
                         if($order_product_info) {

                             $product_info = $this->model_vendor_lts_product->getVendorProduct($order_product_info['product_id']);
                             if(!empty($product_info['vendor_id'])) {
                                 $this->db->query("INSERT INTO " . DB_PREFIX . "lts_order_product SET order_id = '" . (int)$order_id . "', order_product_id = '" . (int)$order_product_id . "', vendor_id = '" . (int)$product_info['vendor_id'] . "', product_id = '" . (int)$order_product_info['product_id'] . "', customer_id = '" . (int)$data['customer_id'] . "', quantity = '" . (int)$order_product_info['quantity'] . "', price = '" . (float)$order_product_info['price'] . "', total = '" . (float)$order_product_info['total'] . "', tax = '" . (float)$order_product_info['tax'] . "', date_added = NOW(), date_modified = NOW()");


                                  if($this->config->get('module_lts_vendor_receive_mail_product_purchase')) {

                                      $order_info = $this->getOrder($order_id);

                                      $this->load->language('account/vendor/lts_order_alert');
                                      
                                      // HTML Mail
                                      $data['text_received'] = $this->language->get('text_received');
                                      $data['text_order_id'] = $this->language->get('text_order_id');
                                      $data['text_date_added'] = $this->language->get('text_date_added');
                                      $data['text_order_status'] = $this->language->get('text_order_status');
                                      $data['text_product'] = $this->language->get('text_product');
                                      $data['text_total'] = $this->language->get('text_total');
                                      $data['text_comment'] = $this->language->get('text_comment');
                                      
                                      $data['order_id'] = $order_info['order_id'];
                                      $data['date_added'] = date($this->language->get('date_format_short'), strtotime($order_info['date_added']));

                                      $order_status_query = $this->db->query("SELECT * FROM " . DB_PREFIX . "order_status WHERE order_status_id = '" . (int)$order_info['order_status_id'] . "' AND language_id = '" . (int)$this->config->get('config_language_id') . "'");

                                      if ($order_status_query->num_rows) {
                                          $data['order_status'] = $order_status_query->row['name'];
                                      } else {
                                          $data['order_status'] = '';
                                      }


                                     // $order_status_query = $this->db->query("SELECT * FROM " . DB_PREFIX . "order_status WHERE order_status_id = '" . (int)$order_info['order_status_id'] . "' AND language_id = '" . (int)$this->config->get('config_language_id') . "'");

                                      $order_product = $this->db->query("SELECT * FROM " . DB_PREFIX . "order_product WHERE order_product_id = '". (int)$order_product_id ."' AND order_id = '" . (int)$order_id . "'")->row;                                 
                                     
                                          $data['name']     = $order_product['name'];
                                          $data['model']    = $order_product['model'];
                                          $data['quantity'] = $order_product['quantity'];
                                          $data['total']    = $order_product['total'];
                                  

                                      $vendor_email = $this->db->query("SELECT email FROM ". DB_PREFIX ."lts_vendor WHERE vendor_id = '". (int)$product_info['vendor_id'] ."'")->row;
                                     
                                      $mail = new Mail($this->config->get('config_mail_engine'));
                                      $mail->parameter = $this->config->get('config_mail_parameter');
                                      $mail->smtp_hostname = $this->config->get('config_mail_smtp_hostname');
                                      $mail->smtp_username = $this->config->get('config_mail_smtp_username');
                                      $mail->smtp_password = html_entity_decode($this->config->get('config_mail_smtp_password'), ENT_QUOTES, 'UTF-8');
                                      $mail->smtp_port = $this->config->get('config_mail_smtp_port');
                                      $mail->smtp_timeout = $this->config->get('config_mail_smtp_timeout');

                                      $mail->setTo($vendor_email);
                                      $mail->setFrom($this->config->get('config_email'));
                                      $mail->setSender(html_entity_decode($order_info['store_name'], ENT_QUOTES, 'UTF-8'));
                                      $mail->setSubject(html_entity_decode(sprintf($this->language->get('text_subject'), $this->config->get('config_name'), $order_info['order_id']), ENT_QUOTES, 'UTF-8'));
                                      $mail->setText($this->load->view('account/vendor/lts_order_alert', $data));
                                      $mail->send();

                                      // Send to additional alert emails
                                     /* $emails = explode(',', $this->config->get('config_mail_alert_email'));

                                      foreach ($emails as $email) {
                                          if ($email && filter_var($email, FILTER_VALIDATE_EMAIL)) {
                                              $mail->setTo($email);
                                              $mail->send();
                                          }
                                      } */
                                      
                                  }
                             }
                         }
                     }
                  }
                ]]></add>
        </operation>

     <operation>
            <search><![CDATA[$this->db->query("DELETE FROM " . DB_PREFIX . "order_total WHERE order_id = '" . (int)$order_id . "'");]]></search>
            <add position="before"><![CDATA[
                if($this->config->get('module_lts_vendor_status')) {
                    $this->db->query("DELETE FROM `" . DB_PREFIX . "lts_order_product` WHERE order_id = '" . (int)$order_id . "'");
                   foreach($vendor_products as $order_product_id) {
                       $order_product_info = $this->db->query("SELECT * FROM " . DB_PREFIX . "order_product WHERE order_id = '" . (int)$order_id . "' AND order_product_id = '". (int)$order_product_id ."'")->row;
                       if($order_product_info) {
                           $product_info = $this->model_vendor_lts_product->getVendorProduct($order_product_info['product_id']);
                           if(!empty($product_info['vendor_id'])) {
                               $this->db->query("INSERT INTO " . DB_PREFIX . "lts_order_product SET order_id = '" . (int)$order_id . "', order_product_id = '" . (int)$order_product_id . "', vendor_id = '" . (int)$product_info['vendor_id'] . "', product_id = '" . (int)$order_product_info['product_id'] . "', customer_id = '" . (int)$data['customer_id'] . "', quantity = '" . (int)$order_product_info['quantity'] . "', price = '" . (float)$order_product_info['price'] . "', total = '" . (float)$order_product_info['total'] . "', tax = '" . (float)$order_product_info['tax'] . "', date_added = NOW(), date_modified = NOW()");
                           }
                       }
                   }
                }
                ]]></add>
        </operation>

        <operation>
            <search><![CDATA[// Update the DB with the new statuses]]></search>
            <add position="after"><![CDATA[
                
                if($this->config->get('module_lts_vendor_status')) {
                    $this->load->model('account/vendor/lts_order');
                    $this->load->model('account/vendor/lts_subscription');
                    $vendor_products = $this->model_account_vendor_lts_order->getVendorOrderProducts($order_id);
                    foreach($vendor_products as $vendor_product) {
                        $vendor_order_history_info = $this->model_account_vendor_lts_order->getVendorLatestOrderHistory($vendor_product['order_id'], $vendor_product['vendor_id']);
                        if(!empty($vendor_order_history_info)) {
                            $add_order_status_id = $vendor_order_history_info['order_status_id'];
                        }

                        // if(!empty($vendor_order_history_info)) {
                            $this->db->query("INSERT INTO " . DB_PREFIX . "lts_order_history SET order_id = '" . (int)$order_id . "', order_status_id = '" . (int)$order_status_id . "', notify = '" . (int)$notify . "', comment = '" . $this->db->escape($comment) . "', date_added = NOW(), vendor_id = '". (int)$vendor_product['vendor_id'] ."'");

                            $add_order_status_id = $order_status_id;
                       // }

                        $this->db->query("UPDATE `" . DB_PREFIX . "lts_order_product` SET order_status_id = '" . (int)$add_order_status_id . "', date_modified = NOW() WHERE product_id = '" . (int)$vendor_product['product_id'] . "' AND order_id = '" . (int)$order_id . "'");
                    }

                    $vendor_products = $this->model_account_vendor_lts_order->getVendorOrderProducts($order_id);
                                      
                                      
                        foreach($vendor_products as $vendor_product) {
                        
                        $vendor_info = $this->db->query("SELECT * FROM ". DB_PREFIX ."lts_vendor WHERE vendor_id = '". (int)$vendor_product['vendor_id'] ."'")->row; 
                        $admin_get_mail_by_vendor_status_change=$this->config->get('module_lts_vendor_order_status_change_by_vendor');                        
                        if($admin_get_mail_by_vendor_status_change)
                        {
                            $this->load->language('account/vendor/lts_order_alert');
                            $data['text_received'] = $this->language->get('text_received_admin');
                                      $data['text_order_id'] = $this->language->get('text_order_id');
                                      $data['text_date_added'] = $this->language->get('text_date_added');
                                      $data['text_order_status'] = $this->language->get('text_order_status');
                                      $data['text_product'] = $this->language->get('text_product');
                                      $data['text_total'] = $this->language->get('text_total');
                                      $data['text_comment'] = $this->language->get('text_comment');                        
                                      $data['order_id'] = $order_id;
                                      $data['date_added'] = date($this->language->get('date_format_short'), strtotime($vendor_product['date_added']));
                                      $order_product = $this->db->query("SELECT * FROM " . DB_PREFIX . "order_product WHERE order_product_id = '". (int)$vendor_product['order_product_id'] ."' AND order_id = '" . (int)$order_id . "'")->row;                                
                                          $data['name']     = $order_product['name'];
                                          $data['model']    = $order_product['model'];
                                          $data['quantity'] = $order_product['quantity'];
                                          $data['total']    = $order_product['total'];
                                      $order_status_query = $this->db->query("SELECT * FROM " . DB_PREFIX . "order_status WHERE order_status_id = '" . (int)$vendor_product['order_status_id'] . "' AND language_id = '" . (int)$this->config->get('config_language_id') . "'");

                                      if ($order_status_query->num_rows) {
                                          $data['order_status'] = $order_status_query->row['name'];
                                      } else {
                                          $data['order_status'] = '';
                                      }    
                                      $mail = new Mail($this->config->get('config_mail_engine'));
                                      $mail->parameter = $this->config->get('config_mail_parameter');
                                      $mail->smtp_hostname = $this->config->get('config_mail_smtp_hostname');
                                      $mail->smtp_username = $this->config->get('config_mail_smtp_username');
                                      $mail->smtp_password = html_entity_decode($this->config->get('config_mail_smtp_password'), ENT_QUOTES, 'UTF-8');
                                      $mail->smtp_port = $this->config->get('config_mail_smtp_port');
                                      $mail->smtp_timeout = $this->config->get('config_mail_smtp_timeout');
                                $mail->setTo($this->config->get('config_email'));
                                      $mail->setFrom($vendor_info['email']);
                                      $mail->setSender(html_entity_decode($vendor_info['store_name'], ENT_QUOTES, 'UTF-8'));
                                      $mail->setSubject(html_entity_decode(sprintf($this->language->get('text_subject'), $vendor_info['store_owner'], $order_id), ENT_QUOTES, 'UTF-8'));
                                      $mail->setText($this->load->view('account/vendor/lts_order_alert', $data));
                                      $mail->send();
                        }
                        
                        $is_subscription_vendor=$this->model_account_vendor_lts_subscription->isPlanNotExpired($vendor_product['vendor_id']); 


                        if($vendor_info) {

                            if(($this->config->get('module_lts_vendor_received_commission_status_id') == $order_status_id) && ($this->config->get('module_lts_vendor_received_commission_status_id') == $vendor_product['order_status_id']))
                            {
                               $vendor_commission_info = $this->db->query("SELECT * FROM ". DB_PREFIX ."lts_commission WHERE order_id = '" . (int)$order_id . "' AND product_id = '" . (int)$vendor_product['product_id'] . "' AND vendor_id = '" . (int)$vendor_product['vendor_id'] . "' AND type = 'sale'")->row;
                                if(!$vendor_commission_info)
                                {

                                    if($vendor_info['commission_rate'] != 0) {
                                        $vendor_commission_rate = $vendor_info['commission_rate'];
                                    } 
                                    else  {
                                      if($this->config->get('module_lts_vendor_default_commission'))
                                        {
                                            $vendor_commission_rate = $this->config->get('module_lts_vendor_default_commission');
                                        }
                                        else{
                                        $vendor_commission_rate=50;
                                        }
                                    }   

                                    if($is_subscription_vendor)
                                    {

                                        $amount_rate = ($vendor_product['total'] * $is_subscription_vendor['subscription_commission']) / 100;
                                        $default_commission=2;

                                    }
                                    else
                                    {
                                    $amount_rate = ($vendor_product['total'] * $vendor_commission_rate) / 100;
                                    $default_commission=1;

                                     $is_subscription_vendor_info=$this->db->query("SELECT * FROM ". DB_PREFIX ."lts_plan WHERE vendor_id = '". (int)$vendor_product['vendor_id'] ."'")->row;

                                        if($is_subscription_vendor_info)
                                        {                                    
                                            $this->model_account_vendor_lts_subscription->deletePlan($vendor_product['vendor_id']);
                                        }

                                    }                          
                     
                                    
                                    $this->db->query("INSERT INTO " . DB_PREFIX . "lts_commission SET order_id = '" . (int)$order_id . "', order_product_id = '" . (int)$vendor_product['order_product_id'] . "', product_id = '" . (int)$vendor_product['product_id'] . "', vendor_id = '" . (int)$vendor_product['vendor_id'] . "', amount = '" . (float)$amount_rate . "', type = 'sale', status = '1', date_added = NOW(), date_modified = NOW(), default_commission='".$default_commission."'");
                                    
                                }
                                 
                            }
                        }
                       } 
                    }
                
                ]]></add>
        </operation>
    </file> 

    <file path="catalog/controller/product/product.php">
        <operation>
            <search><![CDATA[$this->model_catalog_review->addReview($this->request->get['product_id'], $this->request->post);]]></search>

            <add position="replace"><![CDATA[
                $this->load->model('account/vendor/lts_product');
                $this->load->model('account/vendor/lts_review');

                $vendor_info = $this->model_account_vendor_lts_product->getVendorProductById($this->request->get['product_id']);
               
                $this->model_account_vendor_lts_review->addReview($this->request->get['product_id'], $this->request->post, $vendor_info); 

               /*  if(!empty($vendor_info)) {
                    $this->model_catalog_review->addReview($this->request->get['product_id'], $this->request->post, $vendor_info);
                } else {
                    $this->model_catalog_review->addReview($this->request->get['product_id'], $this->request->post, $vendor_info );
                } */
             ]]></add>
        </operation>  
    </file>
    <file path="catalog/controller/product/category.php">
        <operation>
            <search index="1"><![CDATA[foreach ($results as $result) {]]></search>

            <add position="after"><![CDATA[
                $this->load->model('vendor/lts_product');
               $vendor_product=$this->model_vendor_lts_product->getVendorProductStatus($result['product_id']);

             
                if(!$vendor_product){
                  continue;
                }else{
                    $subscription_product=$this->model_vendor_lts_product->getProductSubscription($result['product_id']);
                }
                 $vendor_id=$this->model_vendor_lts_product->get_vendorid_byproductId($result['product_id']);
                   if($vendor_id){
                   $vendor_status=$this->model_vendor_lts_product->check_vendor_status($vendor_id);
                   if(!$vendor_status){
                    continue;
                   }
                   }
                if($subscription_product){
                 continue;  
                }
             ]]></add>
        </operation>  
    </file> 
    <file path="catalog/controller/product/search.php">
        <operation>
            <search><![CDATA[foreach ($results as $result) {]]></search>

            <add position="after"><![CDATA[
                $this->load->model('vendor/lts_product');
               $vendor_product=$this->model_vendor_lts_product->getVendorProductStatus($result['product_id']);
                if(!$vendor_product){
                    continue;
                 }else{
                   $subscription_product=$this->model_vendor_lts_product->getProductSubscription($result['product_id']);
                }
                   $vendor_id=$this->model_vendor_lts_product->get_vendorid_byproductId($result['product_id']);
                   if($vendor_id){
                   $vendor_status=$this->model_vendor_lts_product->check_vendor_status($vendor_id);
                   if(!$vendor_status){
                    continue;
                   }
                   }
                 if($subscription_product){
                    continue;
                }
             ]]></add>
        </operation>  
    </file>
    <file path="catalog/model/catalog/review.php">       
        <operation>
            <search><![CDATA[public function addReview($product_id, $data) {]]></search>
            <add position="replace"><![CDATA[
                public function addReview($product_id, $data, $vendor_info) {
            ]]></add>
        </operation>  

         <operation>
            <search><![CDATA[$review_id = $this->db->getLastId();]]></search>
            <add position="after"><![CDATA[
                if($this->config->get('module_lts_vendor_status')) {
                    if(!empty($vendor_info)) {
                        $this->db->query("INSERT INTO ". DB_PREFIX ."lts_review SET review_id= '". (int)$review_id ."', product_id = '". (int)$vendor_info['product_id'] ."', vendor_id='". (int)$vendor_info['vendor_id'] ."' ");
                    }
                }
             ]]></add>
        </operation>        

    </file>

    <file path="catalog/model/catalog/product.php">
          <operation>
            <search ><![CDATA[public function getProduct($product_id) {]]></search>
            <add position="before"><![CDATA[
               public function getVendorProductId($product_id) {
                    $query = $this->db->query("SELECT vendor_id FROM ". DB_PREFIX ."lts_product WHERE product_id='". (int)$product_id ."'");
                    
                    return $query->row;
                }
             ]]></add>
        </operation>
    </file>

        <file path="catalog/controller/common/cart.php">
          <operation>
            <search ><![CDATA[$data['products'][] = array(]]></search>
            <add position="before"><![CDATA[

                $data['module_lts_vendor_status'] = $this->config->get('module_lts_vendor_status');
                $data['module_lts_vendor_name_in_cart']    = $this->config->get('module_lts_vendor_name_in_cart');
                $data['vendor_name'] = '';
                  $data['store_owner']  = '';
                if($this->config->get('module_lts_vendor_status') && $this->config->get('module_lts_vendor_name_in_cart') ) {

                    $this->load->model('account/vendor/lts_product');

                    $this->load->model('account/vendor/lts_vendor');

                    $vendor_id = $this->model_account_vendor_lts_product->getVendorProductById($product['product_id']);
                   
                    if(!empty($vendor_id)) {
                        $name = $this->model_account_vendor_lts_vendor->getVendorName($vendor_id['vendor_id']);
                        $data['store_owner']  = $name['store_owner'];
                    } else {
                        $data['store_owner']  = '';
                    }

                } 
             ]]></add>
        </operation>
         <operation>
            <search ><![CDATA[$data['products'][] = array(]]></search>
            <add position="after"><![CDATA[

              'store_owner' => isset($name['store_owner'])?$data['store_owner']:'',
             ]]></add>
        </operation>
       
    </file>

       <file path="catalog/controller/checkout/cart.php">
          <operation>
            <search ><![CDATA[$data['products'][] = array(]]></search>
            <add position="before"><![CDATA[


                $data['module_lts_vendor_status'] = $this->config->get('module_lts_vendor_status');
                $data['module_lts_vendor_name_in_cart']    = $this->config->get('module_lts_vendor_name_in_cart');
                $data['vendor_name'] = '';
                  $data['store_owner']  = '';
                if($this->config->get('module_lts_vendor_status') && $this->config->get('module_lts_vendor_name_in_cart') ) {

                    $this->load->model('account/vendor/lts_product');

                    $this->load->model('account/vendor/lts_vendor');

                    $vendor_id = $this->model_account_vendor_lts_product->getVendorProductById($product['product_id']);
                  
                        if(!empty($vendor_id)) {
                            $name = $this->model_account_vendor_lts_vendor->getVendorName($vendor_id['vendor_id']);
                            $data['store_owner']  = $name['store_owner'];


                        } else {
                            $data['store_owner']  = '';
                        }                   
                    } 
             ]]></add>
        </operation>
         <operation>
        <search ><![CDATA[$data['products'][] = array(]]></search>
            <add position="after"><![CDATA[

              'store_owner'       => isset($data['store_owner'])?$data['store_owner']:'',
             ]]></add>
        </operation>
      
    </file>

      <file path="catalog/view/theme/*/template/checkout/cart.twig">
          <operation>
            <search ><![CDATA[<a href="{{ product.href }}">{{ product.name }}</a>]]></search>
            <add position="replace"><![CDATA[
               <span> <a href="{{ product.href }}">{{ product.name }}</a> 
                 {% if module_lts_vendor_status %}
                 {% if module_lts_vendor_name_in_cart %}
                    {% if product.store_owner %}                        
                            By Vendor {{ product.store_owner }}</span>                        
                        {% else %}
                         </span>
                        {% endif %}

                  {% endif %}
                 {% endif %}
                
                  
           ]]></add>
       </operation>
    </file>

    <file path="admin/language/en-gb/catalog/product.php">
          <operation>
            <search ><![CDATA[$_['column_action']          = 'Action';]]></search>
            <add position="after"><![CDATA[
                $_['tab_pincode_checker'] = 'Pincode Checker';
                $_['entry_pincode'] = 'Pincode';
                $_['entry_subscription'] = 'Subscription';
             ]]></add>
        </operation>
    </file>
    <file path="catalog/language/en-gb/product/product.php">
          <operation>
            <search ><![CDATA[$_['tab_review']               = 'Reviews (%s)';]]></search>
            <add position="after"><![CDATA[
                $_['text_vendor_email'] = 'Seller Email';
                $_['text_vendor_phone'] = 'Seller Phone';
               
             ]]></add>
        </operation>
    </file>


    <file path="admin/controller/catalog/product.php">
        <operation>

            <search ><![CDATA[$data['layouts'] = $this->model_design_layout->getLayouts();]]></search>
            <add position="after"><![CDATA[
                $data['module_lts_vendor_status'] = $this->config->get('module_lts_vendor_status');
               
                if($this->config->get("module_lts_vendor_status") && $this->config->get('module_lts_vendor_pincode_checker') ) {

                $pincode_checker = $this->config->get('module_lts_vendor_pincode_checker');

                if(isset($pincode_checker['admin'])) {
                    $data['admin_pincode'] = $pincode_checker['admin'];
                }

                }
                ]]></add>
        </operation> 

        <operation>
            <search ><![CDATA[$data['product_categories'] = array();]]></search>
            <add position="before"><![CDATA[
                $this->load->model('vendor/lts_pincode');

                if (isset($this->request->post['product_pincode'])) {
                    $pincodes = $this->request->post['product_pincode'];
                } elseif (isset($this->request->get['product_id'])) {
                    $pincodes = $this->model_vendor_lts_pincode->getProductPincodes($this->request->get['product_id']);
                } else {
                    $pincodes = array();
                }

                $data['product_pincodes'] = array();

                foreach ($pincodes as $pincode_id) {
                    $pincode_info = $this->model_vendor_lts_pincode->getPincode($pincode_id);

                    if ($pincode_info) {
                        $data['product_pincodes'][] = array(
                            'pincode_id' => $pincode_info['pincode_id'],
                            'name'        => $pincode_info['name']
                        );
                    }
                }

                ]]></add>
        </operation>
    </file>


    <file path="admin/view/template/catalog/product_form.twig">
        <operation>
            <search ><![CDATA[ <div class="tab-pane" id="tab-data">]]></search>
            <add position="after"><![CDATA[
                <div class="form-group">
                    <label class="col-sm-2 control-label" for="input-subscription">{{ entry_subscription }}</label>
                     <div class="col-sm-10">
                       <input type="checkbox" name="subscription" value="" placeholder="{{ entry_subscription }}" id="input-subscription" class="form-control" />
                     </div>
                   </div>
            ]]></add>
        </operation>

        <operation>
            <search ><![CDATA[<li><a href="#tab-special" data-toggle="tab">{{ tab_special }}</a></li>]]></search>
            <add position="after"><![CDATA[
                {% if module_lts_vendor_status %}
                    {% if admin_pincode %}
                        <li><a href="#tab-pincode-checker" data-toggle="tab">{{ tab_pincode_checker }}</a></li>
                    {% endif %}
                {% endif %}
            ]]></add>
        </operation>
        <operation>
            <search ><![CDATA[<div class="tab-pane" id="tab-image">]]></search>
            <add position="before"><![CDATA[
            <div class="tab-pane" id="tab-pincode-checker">
                <div class="form-group">
                    <label class="col-sm-2 control-label" for="input-pincode"><span data-toggle="tooltip" title="{{ help_category }}">{{ entry_pincode }}</span></label>
                    <div class="col-sm-10">
                      <input type="text" name="pincode" value="" placeholder="{{ entry_pinode }}" id="input-pincode" class="form-control" />
                      <div id="product-pincode" class="well well-sm" style="height: 150px; overflow: auto;"> {% for product_pincode in product_pincodes %}
                        <div id="product-pincode{{ product_pincode.pincode_id }}"><i class="fa fa-minus-circle"></i> {{ product_pincode.name }}
                          <input type="hidden" name="product_pincode[]" value="{{ product_pincode.pincode_id }}" />
                        </div>
                        {% endfor %}</div>
                    </div>
                  </div>
              </div>

            ]]></add>
        </operation>
        <operation>
            <search ><![CDATA[<script type="text/javascript" src="view/javascript/summernote/opencart.js"></script> ]]></search>
            <add position="after"><![CDATA[
                <script type="text/javascript"><!--
                    $('input[name=\'pincode\']').autocomplete({
                        'source': function(request, response) {
                            $.ajax({
                                url: 'index.php?route=vendor/lts_pincode/autocomplete&user_token={{ user_token }}&filter_name=' +  encodeURIComponent(request),
                                dataType: 'json',
                                success: function(json) {
                                    response($.map(json, function(item) {
                                        return {
                                            label: item['name'],
                                            value: item['pincode_id']
                                        }
                                    }));
                                }
                            });
                        },
                        'select': function(item) {
                            $('input[name=\'pincode\']').val('');

                            $('#product-pincode' + item['value']).remove();

                            $('#product-pincode').append('<div id="product-pincode' + item['value'] + '"><i class="fa fa-minus-circle"></i> ' + item['label'] + '<input type="hidden" name="product_pincode[]" value="' + item['value'] + '" /></div>');
                        }
                    });

                    $('#product-pincode ').delegate('.fa-minus-circle', 'click', function() {
                        $(this).parent().remove();
                    });
                 //--></script> 
            ]]></add>
        </operation>
        <operation>
            <search ><![CDATA[ $('input[name=\'category\']').val('');]]></search>
            <add position="before"><![CDATA[
              $.ajax({
                    url: 'index.php?route=vendor/lts_attribute/attributeMapping&user_token={{ user_token }}&category_id=' + encodeURIComponent(item['value']),
                    dataType: 'json',
                    success: function(json) {
                        $.map(json, function(value, index){

                            html = '<tr id="attribute-row' + attribute_row + '">';
                            html += '  <td class="text-left" style="width: 20%;"><input type="text" name="product_attribute[' + attribute_row + '][name]" value="" placeholder="{{ entry_attribute }}" class="form-control" /><input type="hidden" name="product_attribute[' + attribute_row + '][attribute_id]" value="" /></td>';
                            html += '  <td class="text-left">';
                            {% for language in languages %}
                            html += '<div class="input-group"><span class="input-group-addon"><img src="language/{{ language.code }}/{{ language.code }}.png" title="{{ language.name }}" /></span><textarea name="product_attribute[' + attribute_row + '][product_attribute_description][{{ language.language_id }}][text]" rows="5" placeholder="{{ entry_text }}" class="form-control"></textarea></div>';
                            {% endfor %}
                            html += '  </td>';
                            html += '  <td class="text-right"><button type="button" onclick="$(\'#attribute-row' + attribute_row + '\').remove();" data-toggle="tooltip" title="{{ button_remove }}" class="btn btn-danger"><i class="fa fa-minus-circle"></i></button></td>';
                            html += '</tr>';

                            $('#attribute tbody').append(html);

                            attributeautocomplete(attribute_row);

                            $('input[name=\'product_attribute[' + attribute_row + '][name]\']').val(value.name);
                            $('input[name=\'product_attribute[' + attribute_row + '][attribute_id]\']').val(value.attribute_id);

                            attribute_row++;
                      });
                    }
                });

                   $.ajax({
                    url: 'index.php?route=vendor/lts_option/optionMapping&user_token={{ user_token }}&category_id=' + encodeURIComponent(item['value']),
                    dataType: 'json',
                    success: function(json) {  
                       $.map(json, function(value, index){ 
                        
                        html  = '<div class="tab-pane" id="tab-option' + option_row + '">';
                        html += ' <input type="hidden" name="product_option[' + option_row + '][product_option_id]" value="" />';
                        html += ' <input type="hidden" name="product_option[' + option_row + '][name]" value="' + value.name + '" />';
                        html += ' <input type="hidden" name="product_option[' + option_row + '][option_id]" value="' + value.option_id + '" />';
                        html += ' <input type="hidden" name="product_option[' + option_row + '][type]" value="' + value.type + '" />';

                        html += ' <div class="form-group">';
                        html += '   <label class="col-sm-2 control-label" for="input-required' + option_row + '">{{ entry_required }}</label>';
                        html += '   <div class="col-sm-10"><select name="product_option[' + option_row + '][required]" id="input-required' + option_row + '" class="form-control">';
                        html += '       <option value="1">{{ text_yes }}</option>';
                        html += '       <option value="0">{{ text_no }}</option>';
                        html += '   </select></div>';
                        html += ' </div>';

                        if (value.type == 'text') {
                        html += ' <div class="form-group">';
                        html += '   <label class="col-sm-2 control-label" for="input-value' + option_row + '">{{ entry_option_value }}</label>';
                        html += '   <div class="col-sm-10"><input type="text" name="product_option[' + option_row + '][value]" value="" placeholder="{{ entry_option_value }}" id="input-value' + option_row + '" class="form-control" /></div>';
                        html += ' </div>';
                      }

                      if (value.type == 'textarea') {
                        html += ' <div class="form-group">';
                        html += '   <label class="col-sm-2 control-label" for="input-value' + option_row + '">{{ entry_option_value }}</label>';
                        html += '   <div class="col-sm-10"><textarea name="product_option[' + option_row + '][value]" rows="5" placeholder="{{ entry_option_value }}" id="input-value' + option_row + '" class="form-control"></textarea></div>';
                        html += ' </div>';
                      }

                      if (value.type == 'file') {
                        html += ' <div class="form-group" style="display: none;">';
                        html += '   <label class="col-sm-2 control-label" for="input-value' + option_row + '">{{ entry_option_value }}</label>';
                        html += '   <div class="col-sm-10"><input type="text" name="product_option[' + option_row + '][value]" value="" placeholder="{{ entry_option_value }}" id="input-value' + option_row + '" class="form-control" /></div>';
                        html += ' </div>';
                      }

                      if (value.type == 'date') {
                        html += ' <div class="form-group">';
                        html += '   <label class="col-sm-2 control-label" for="input-value' + option_row + '">{{ entry_option_value }}</label>';
                        html += '   <div class="col-sm-3"><div class="input-group date"><input type="text" name="product_option[' + option_row + '][value]" value="" placeholder="{{ entry_option_value }}" data-date-format="YYYY-MM-DD" id="input-value' + option_row + '" class="form-control" /><span class="input-group-btn"><button type="button" class="btn btn-default"><i class="fa fa-calendar"></i></button></span></div></div>';
                        html += ' </div>';
                      }

                      if (value.type == 'time') {
                        html += ' <div class="form-group">';
                        html += '   <label class="col-sm-2 control-label" for="input-value' + option_row + '">{{ entry_option_value }}</label>';
                        html += '   <div class="col-sm-10"><div class="input-group time"><input type="text" name="product_option[' + option_row + '][value]" value="" placeholder="{{ entry_option_value }}" data-date-format="HH:mm" id="input-value' + option_row + '" class="form-control" /><span class="input-group-btn"><button type="button" class="btn btn-default"><i class="fa fa-calendar"></i></button></span></div></div>';
                        html += ' </div>';
                      }

                      if (value.type == 'datetime') {
                        html += ' <div class="form-group">';
                        html += '   <label class="col-sm-2 control-label" for="input-value' + option_row + '">{{ entry_option_value }}</label>';
                        html += '   <div class="col-sm-10"><div class="input-group datetime"><input type="text" name="product_option[' + option_row + '][value]" value="" placeholder="{{ entry_option_value }}" data-date-format="YYYY-MM-DD HH:mm" id="input-value' + option_row + '" class="form-control" /><span class="input-group-btn"><button type="button" class="btn btn-default"><i class="fa fa-calendar"></i></button></span></div></div>';
                        html += ' </div>';
                      }

                      if (value.type == 'select' || value.type == 'radio' || value.type == 'checkbox' || value.type == 'image') {
                        html += '<div class="table-responsive">';
                        html += '  <table id="option-value' + option_row + '" class="table table-striped table-bordered table-hover">';
                        html += '    <thead>';
                        html += '      <tr>';
                        html += '        <td class="text-left">{{ entry_option_value }}</td>';
                        html += '        <td class="text-right">{{ entry_quantity }}</td>';
                        html += '        <td class="text-left">{{ entry_subtract }}</td>';
                        html += '        <td class="text-right">{{ entry_price }}</td>';
                        html += '        <td class="text-right">{{ entry_option_points }}</td>';
                        html += '        <td class="text-right">{{ entry_weight }}</td>';
                        html += '        <td></td>';
                        html += '      </tr>';
                        html += '    </thead>';
                        html += '    <tbody>';
                        html += '    </tbody>';
                        html += '    <tfoot>';
                        html += '      <tr>';
                        html += '        <td colspan="6"></td>';
                        html += '        <td class="text-left"><button type="button" onclick="addOptionValue(' + option_row + ');" data-toggle="tooltip" title="{{ button_option_value_add }}" class="btn btn-primary"><i class="fa fa-plus-circle"></i></button></td>';
                        html += '      </tr>';
                        html += '    </tfoot>';
                        html += '  </table>';
                        html += '</div>';

                        html += '  <select id="option-values' + option_row + '" style="display: none;">';

                        for (i = 0; i < value.option_value.length; i++) {
                         html += '  <option value="' + value.option_value[i]['option_value_id'] + '">' + value.option_value[i]['name'] + '</option>';
                        }

                        html += '  </select>';
                        html += '</div>';
                      }

                       $('#tab-option .tab-content').append(html);

                        $('#option > li:last-child').before('<li><a href="#tab-option' + option_row + '" data-toggle="tab"><i class="fa fa-minus-circle" onclick=" $(\'#option a:first\').tab(\'show\');$(\'a[href=\\\'#tab-option' + option_row + '\\\']\').parent().remove(); $(\'#tab-option' + option_row + '\').remove();"></i>' + value.name + '</li>');

                        $('#option a[href=\'#tab-option' + option_row + '\']').tab('show');

                        $('[data-toggle=\'tooltip\']').tooltip({
                          container: 'body',
                          html: true
                        });

                        $('.date').datetimepicker({
                          language: '{{ datepicker }}',
                          pickTime: false
                        });

                        $('.time').datetimepicker({
                          language: '{{ datepicker }}',
                          pickDate: false
                        });

                        $('.datetime').datetimepicker({
                          language: '{{ datepicker }}',
                          pickDate: true,
                          pickTime: true
                        });

                        option_row++;

                       });
                    }
                  });  

            ]]></add>
        </operation>
    </file>

    
  <file path="catalog/controller/product/product.php">
    <operation>
      <search ><![CDATA[public function index() {]]></search>
      <add position="after"><![CDATA[
            if($this->config->get('module_lts_vendor_status') && $this->config->get('module_lts_vendor_pincode_checker') ) {
                $data['module_lts_vendor_status'] = $this->config->get('module_lts_vendor_status');
                
                $pincode_checker = $this->config->get('module_lts_vendor_pincode_checker');
            
                if(isset($pincode_checker['admin'])) {
                    $data['admin_pincode'] = $pincode_checker['admin'];
                }
            }
            if($this->config->get("module_lts_vendor_status")){
                  $data['enable_vendor_email']=$this->config->get('module_lts_vendor_customer_can_see_vendor_email');
                  $data['enable_vendor_phone']=$this->config->get('module_lts_vendor_customer_can_see_vendor_telephone');
                }

                if (isset($this->request->get['product_id'])) {
                    $product_id = (int)$this->request->get['product_id'];
                } else {
                    $product_id = 0;
                }

                $this->load->model('account/vendor/lts_product');
                $this->load->model('account/vendor/lts_vendor');

                $vendor_id=$this->model_account_vendor_lts_product->getVendorProductById($product_id);
                if($vendor_id){
                    $customer_id=$this->model_account_vendor_lts_vendor->getVendor($vendor_id['vendor_id']);
                    
                     $data['vendor_info']=$this->model_account_vendor_lts_vendor->getVendorInfo($customer_id['customer_id']);
                }              
               
                
        ]]></add>
    </operation> 
  </file>
  <file path="catalog/controller/product/product.php">
    <operation>
      <search index="0"><![CDATA[$product_info = $this->model_catalog_product->getProduct($product_id);]]></search>
        <add position="after"><![CDATA[
            if($product_info) 
            {
            $data['product_info'] = $product_info;

            }
        ]]>
        </add>
    </operation>
</file>
  <file path="catalog/view/theme/*/template/product/product.twig">
    <operation>
      <search ><![CDATA[<h1>{{ heading_title }}</h1>]]></search>
        <add position="after"><![CDATA[
               {% if admin_pincode %}
                    <div class="pincode-box">
                        <input type="text" name="pincode" id="input-pincode" class="form-control">
                
                        <i class="fa fa-map-marker" aria-hidden="true"></i>
                        <button class="btn" type="button"id="btn-checker">Check</button>
                        <span id="pincode-error"></span>
                    </div>
                    
                {% endif %}
               
                 {% if enable_vendor_email %}
                   {% if vendor_info  %}
                    <h5><b>{{text_vendor_email}} :</b> {{vendor_info.email}}</h5>
                   {% endif %}
                 {% endif %}
                  {% if enable_vendor_phone %}
                   {% if vendor_info  %}
                    <h5><b>{{ text_vendor_phone }} :</b> {{vendor_info.telephone}}</h5>
                   {% endif %}
                 {% endif %}
              
                ]]>
        </add>
    </operation>

    <operation>
      <search ><![CDATA[<h1>{{ heading_title }}</h1>]]></search>
        <add position="after"><![CDATA[                
              
                
                   {{ product_info.product_id }} and {{ product_info.name }} and  {{ product_info.price }} 
                   and {{ product_info.special }}   and {{ product_info.image }} 
              
                ]]>
        </add>
    </operation>



    <operation>
      <search ><![CDATA[{{ footer }}]]></search>
      <add position="before"><![CDATA[
              <script type="text/javascript"><!--
                 $('#btn-checker').click(function() {  
                  var pincode = $('#input-pincode').val();
                  $.ajax({
                     url: 'index.php?route=account/vendor/lts_pincode/check&product_id={{ product_id }}',
                     type: 'post',
                     data: 'pincode=' + pincode,
                     dataType: 'json',
                     success:function(json) {
                         if( json.status == 1 ) {
                           $("#pincode-error").html(json.message);
                           $("#pincode-error").addClass('text-success');
                           $("#pincode-error").removeClass('text-danger');
                       } else {
                           $("#pincode-error").html(json.message);
                           $("#pincode-error").removeClass('text-success');
                           $("#pincode-error").addClass('text-danger');
                       }
                     }
                  });
                });
             //--></script>
                ]]></add>
    </operation>
    </file>


    <file path="catalog/controller/startup/seo_url.php"> 
      
         <operation error="log"> 
            <search><![CDATA[($data['route'] == 'product/product' && $key == 'product_id')]]></search> 
            <add position="replace">
                <![CDATA[($data['route'] == 'product/product' && $key == 'product_id') || ($data['route'] == 'vendor/lts_visit' && $key == 'vendor_id')]]>        
            </add>
         </operation> 

        <operation error="log"> 
            <search><![CDATA[$query->row['query'] &&]]></search> 
            <add position="replace">
                <![CDATA[$query->row['query'] && $url[0] != 'vendor_id' &&]]>
                    
            </add>
        </operation> 

        <operation error="log"> 
            <search><![CDATA[if ($url[0] == 'information_id') {]]></search> 
            <add position="before">
                <![CDATA[ 
                    if ($url[0] == 'vendor_id') {
                        $this->request->get['vendor_id'] = $url[1];
                    }
                 ]]>
            </add>
         </operation> 


         <operation error="log"> 
            <search><![CDATA[$this->request->get['route'] = 'product/category';]]></search>
             <add position="after">
                <![CDATA[} elseif (isset($this->request->get['vendor_id'])) {
                    $this->request->get['route'] = 'vendor/lts_visit';]]>
                </add>
         </operation> 

         <operation error="log"> 
            <search><![CDATA[if (isset($data['route'])) {]]></search>
             <add position="after">
                <![CDATA[$seo =  $this->db->query("SELECT * FROM ". DB_PREFIX ."seo_url WHERE query = '". $this->db->escape($data['route']) ."' AND store_id = '" . (int)$this->config->get('config_store_id') . "' AND language_id = '" . (int)$this->config->get('config_language_id') . "'");

                if ($seo->num_rows && $seo->row['keyword']) {
                    $url .= '/' . $seo->row['keyword'];
                } ]]>
                    

                </add>
         </operation> 

     </file> 

     <file path="catalog/controller/api/order.php"> 
        <operation> 
            <search><![CDATA[<?php]]></search>
             <add position="after">
                <![CDATA[require DIR_SYSTEM .'library/vendor/vendor/autoload.php';
                use Twilio\Rest\Client;
                ]]>              

                </add>
        </operation> 

         <operation error="log"> 
            <search index="4"><![CDATA[$json['success'] = $this->language->get('text_success');]]></search>
             <add position="after">
                <![CDATA[

                if($this->config->get('module_lts_vendor_status') && $this->config->get('lts_gateway_status')) {

                    $order_status = $this->config->get('lts_gateway_order')[$this->request->post['order_status_id']];

                    if($order_status['status'] == 1) {
                        $variable = array(
                                '{customer}',
                                '{order_id}',
                                '{store_url}',
                                '{store_name}',
                                '{product}',
                                '{price}',
                                '{comment}'
                            );

                        $customer = $order_info['firstname'] .' '. $order_info['lastname'];
                        $order_id = $order_info['order_id'];
                        $store_url = $order_info['store_url'];
                        $store_name = $order_info['store_name'];
                        $comment = $this->request->post['comment'];

                        $products = $this->model_checkout_order->getOrderProducts($order_id);

                        foreach ($products as $key => $value) {
                            $product = $value['name'];
                            $price    = $value['price'];
                        }

                        $replace  = array($customer, $order_id, $store_url, $store_name, $product, $price, $comment);

                        $template = $order_status['template'];

                        $message = strip_tags(str_replace($variable, $replace, html_entity_decode($template)));
                        $sid = $this->config->get('lts_gateway_account_sid');
                        $token =$this->config->get('lts_gateway_auth_token');
                        $client = new Client($sid, $token);

                        // Use the client to do fun stuff like send text messages!
                        $client->messages->create(
                          // the number you'd like to send the message to
                        '+91'.$order_info['telephone'],
                        [
                            // A Twilio phone number you purchased at twilio.com/console
                            'from' => $this->config->get('lts_gateway_phone_number'),
                            // the body of the text message you'd like to send
                            'body' =>$message
                        ]
        );

                    }
                }

                ]]>
                    

                </add>
         </operation> 

     </file> 

   <file path="catalog/controller/api/order.php">
        <operation>
              <search index="4"><![CDATA[
                $json['success'] = $this->language->get('text_success');
              ]]></search>
              <add position="before"><![CDATA[ 
               $order_status_id= $this->request->post['order_status_id'];
            if($order_status_id==5){
                  $this->load->model('checkout/order');
                $orderDetails = $this->model_checkout_order->getOrder($order_id);
                $this->load->model('account/vendor/lts_vendor');  
                $is_vendor=$this->model_account_vendor_lts_vendor->isVendor($orderDetails['customer_id']);
                if($is_vendor){

                     $this->load->model('account/order');

                      $products = $this->model_account_order->getOrderProducts($order_id); 
                     
                      $this->load->model('account/vendor/lts_subscription');

                      $subscription_id = $this->model_account_vendor_lts_subscription->getSubscriptionIdByProductId($products[0]['product_id']);
                      if(isset($subscription_id) && !empty($subscription_id))
                      {

                          if($subscription_id){

                             $results = $this->model_account_vendor_lts_subscription->getSubscription($subscription_id);
      
                              $expiring_date = date('Y-m-d h:i:s',strtotime(date("Y-m-d h:i:s", time()) . " + 1 year"));


                             $this->model_account_vendor_lts_subscription->addVendorPlan($expiring_date, $results, $is_vendor);

                          }
                      }                     
                   
                }
            }
              ]]></add>
          </operation> 
          <operation>
              <search ><![CDATA[
              $this->model_checkout_order->addOrderHistory($order_id, $order_status_id);
              ]]></search>
              <add position="after"><![CDATA[ 
        if($this->config->get('module_lts_vendor_status')) {
               $order_status_id= $this->request->post['order_status_id'];
            if($order_status_id==5){
                  $this->load->model('checkout/order');
                $orderDetails = $this->model_checkout_order->getOrder($order_id);
                $this->load->model('account/vendor/lts_vendor');  
                $is_vendor=$this->model_account_vendor_lts_vendor->isVendor($orderDetails['customer_id']);
                if($is_vendor){

                     $this->load->model('account/order');

                      $products = $this->model_account_order->getOrderProducts($order_id); 
                     
                      $this->load->model('account/vendor/lts_subscription');

                      $subscription_id = $this->model_account_vendor_lts_subscription->getSubscriptionIdByProductId($products[0]['product_id']);

                    if(isset($subscription_id) && !empty($subscription_id))
                    {
                      
                        if($subscription_id){

                             $results = $this->model_account_vendor_lts_subscription->getSubscription($subscription_id);  

                           
                             $expiring_date = date('Y-m-d h:i:s',strtotime(date("Y-m-d h:i:s", time()) . " + 1 year"));

                             $this->model_account_vendor_lts_subscription->addVendorPlan($expiring_date, $results, $is_vendor);

                        }
                    }
                }
            }
        }
              ]]></add>
          </operation>
      </file>

       <file path="catalog/controller/checkout/payment_address.php">
        <operation>
            <search index="1"><![CDATA[$this->load->model('localisation/country');]]></search>
            <add position="before"><![CDATA[
                //mycode
            if($this->config->get('module_lts_vendor_status')) {
                if ((utf8_strlen(trim($this->request->post['postcode'])) < 1) || (utf8_strlen(trim($this->request->post['postcode'])) > 6)) {
                    $json['error']['postcode'] = $this->language->get('error_postcode');
                }
            }
            ]]></add>
        </operation> 
       
    </file>
     <file path="catalog/controller/checkout/shipping_address.php">
        <operation>
            <search index="1"><![CDATA[$this->load->model('localisation/country');]]></search>
            <add position="before"><![CDATA[
                //mycode
                 if($this->config->get('module_lts_vendor_status')) {
                if ((utf8_strlen(trim($this->request->post['postcode'])) < 1) || (utf8_strlen(trim($this->request->post['postcode'])) > 6)) {
                    $json['error']['postcode'] = $this->language->get('error_pincode');
                }else{
                   foreach ($products as $product) {
                      $result= $this->check($product['product_id'],$this->request->post['postcode']);
                      if($result){}else{
                        $json['error']['postcode'] = $this->language->get('error_pincode');
                      }
                   }
                }
                }
            ]]></add>
        </operation>
         <operation>
            <search index="1"><![CDATA[if (!$json) {]]></search>
            <add position="before"><![CDATA[
                 if($this->config->get('module_lts_vendor_status')) {
              $this->load->model('account/address');
                        
                    $address=   $this->model_account_address->getAddress($this->request->post['address_id']);
                    

                foreach ($products as $product) {
                     
                      $result= $this->check($product['product_id'],$address['postcode']);

                      if($result){}else{
                        $json['error']['warning'] = $this->language->get('error_pincode');
                      }
                   }
                   }
            ]]></add>
        </operation>
        <operation>
            <search ><![CDATA[public function save() {]]></search>
            <add position="before"><![CDATA[
            public function check($product_id,$postcode) {

                $json = array();

                $this->load->model('account/vendor/lts_product');

                $pincodes = $this->model_account_vendor_lts_product->getProductPincode($product_id);
                
                 
                    if(!empty($pincodes)) {
                       
                        foreach($pincodes as $pincode_id){
                            $pincode_status=$this->model_account_vendor_lts_product->getStatusByPincode($pincode_id);

                            if($pincode_status)
                            {  
                            $pincode_info = $this->model_account_vendor_lts_product->getPincodeStatus($pincode_id, $postcode);                                
                                    if(!empty($pincode_info)) {                                  
                                        return 1;                                    
                                    } else {
                                       return 0;
                                    }
                            }
                            else{
                            continue;
                            }
                        }
                        return 1;
                    }
                    else{
                       return 1;
                    }            
                 
            }
            ]]></add>
        </operation>
    </file>
     <file path="catalog/language/en-gb/checkout/checkout.php">
     <operation>
            <search ><![CDATA[$_['text_cart']                      = 'Shopping Cart';]]></search>
            <add position="before"><![CDATA[
              $_['error_pincode']                      = 'product Not Avilable to this pincode address';
             ]]></add>
        </operation>
   </file>

   
    <file path="catalog/controller/api/order.php">
     <operation>
            <search index="1"><![CDATA[$products = $this->cart->getProducts();]]></search>
            <add position="after"><![CDATA[

                
        if($this->config->get('module_lts_vendor_status')) {
               if(isset($this->request->post['order_status_id'])) {
                    $order_status_id = $this->request->post['order_status_id'];
                } else {
                    $order_status_id = $this->config->get('config_order_status_id');
                }
                $customer_id=$this->session->data['customer']['customer_id'];
                $vendor_id=$this->db->query("SELECT * FROM " . DB_PREFIX . "lts_vendor WHERE customer_id='".$customer_id."'")->row;
            if(isset($products))
            {

                $result=$this->db->query("SELECT * FROM " . DB_PREFIX . "lts_subscription WHERE product_id='".$products[0]['product_id']."'")->row;
                   
                           

                
                if(isset($result) && !empty($result) && isset($order_status_id))
                {                
                            
                        if($order_status_id==5)
                        {
                     
                        $customer_id=$this->session->data['customer']['customer_id'];
                        $vendor_id=$this->db->query("SELECT * FROM " . DB_PREFIX . "lts_vendor WHERE customer_id='".$customer_id."'")->row;

                        $get_name_des=$this->db->query("SELECT * FROM " . DB_PREFIX . "lts_subscription_description WHERE subscription_id='".$result['subscription_id']."'")->row;

                        $expiring_date = date('Y-m-d h:i:s',strtotime(date("Y-m-d h:i:s", time()) . " + 1 year"));

                            $this->db->query("DELETE FROM " . DB_PREFIX ."lts_plan WHERE vendor_id='".$vendor_id['vendor_id']."'");                             

                            $this->db->query("INSERT INTO " . DB_PREFIX . "lts_plan SET vendor_id = '".$vendor_id['vendor_id']."', subscription_id='".$result['subscription_id']."', product_id='".$result['product_id']."', name='Paid', default_plan='".$result['default_plan']."', subscription_commission='".$result['subscription_commission']."', subscription_fee='".$result['subscription_fee']."', validity='1', date_added='".date('Y-m-d h:t:s')."', date_expire='".$expiring_date."'");                          
                            
                        }      
                 }                  
            }     
        }
             ]]></add>
                
        </operation>
   </file>

   <file path="catalog/controller/api/order.php">
     <operation>
            <search index="1"><![CDATA[$order_info = $this->model_checkout_order->getOrder($order_id);]]></search>
            <add position="after"><![CDATA[
                
                $this->db->query("DELETE FROM " . DB_PREFIX ."lts_order_product WHERE order_id='".$order_info['order_id']."'"); 
                $this->db->query("DELETE FROM " . DB_PREFIX ."lts_commission WHERE order_id='".$order_info['order_id']."'");               
 
             ]]></add>
                 
        </operation>
   </file> 

   <file path="catalog/controller/account/success.php">
         <operation>
             <search ><![CDATA[$this->load->language('account/success');]]></search>
             <add position="after"><![CDATA[
                    
                $data['module_status'] = $this->config->get('module_lts_vendor_status');

                if($this->config->get('module_lts_vendor_status')) {
        
                    $this->load->model('account/customer');

                    $this->load->model('account/vendor/lts_vendor');
            $customer_info = $this->model_account_customer->getCustomer($this->customer->isLogged());
                    $vendor_info = $this->model_account_vendor_lts_vendor->getVendorStoreInfo($this->customer->isLogged());

                    if(!empty($vendor_info)) {
                        $data['has_vendor_profile'] = true;

                        $data['vendor_visit_store'] = $this->url->link('account/vendor/lts_dashboard', '', true); 
                        //$data['vendor_visit_store'] = $this->url->link('vendor/lts_visit', 'vendor_id='. $vendor_info['vendor_id'], true);
                    } else {                   
                         
                        $data['has_vendor_profile'] = false;
                        $data['vendor_visit_store'] = $this->url->link('account/vendor/lts_store', '', true); 

                    }
                }
         
                 ]]></add>
         </operation>
     </file>


     <file path="catalog/view/theme/*/template/common/success.twig">
         <operation>
             <search ><![CDATA[{{ content_bottom }}</div>]]></search>
             <add position="after"><![CDATA[
              
                {% if module_status %}
                     <aside id="column-right" class="col-sm-3 hidden-xs">
                        
                        <div class="list-group">
                            {% if has_vendor_profile %}
                            <a class="list-group-item" href="{{ vendor_visit_store }}"><i class="fa fa-dashboard"></i> Vendor Dashboard</a>
                            {% else %}  
                                                      
                            <a class="list-group-item" href="{{ vendor_visit_store }}"><i class="fa fa-question-circle"></i>Become a Vendor</a>
                            {% endif %}
                        </div>
                    
                    </aside> 

                {% endif %}


                 ]]></add>
         </operation>
         <operation>
             <search ><![CDATA[<li><a href="{{ edit }}">{{ text_edit }}</a></li>]]></search>
             <add position="before"><![CDATA[
              
                {% if module_status %}
                            {% if has_vendor_profile %}
                            <li><a href="{{ vendor_visit_store }}"> Vendor Dashboard</a></li>
                            {% else %}
                            <li><a href="{{ vendor_visit_store }}">Become a Vendor</a></li>
                            {% endif %}
                     
                {% endif %}

                 ]]></add>
         </operation>
     </file>

     <file path="catalog/controller/account/login.php">
         <operation>
             <search ><![CDATA[$customer_info = $this->model_account_customer->getCustomerByToken($this->request->get['token']);]]></search>
             <add position="after"><![CDATA[ 
             if($this->config->get('module_lts_vendor_status')){
             $customer_info = $this->model_account_customer->getCustomer($this->request->get['customer_id']);
             }        


                 ]]></add>
         </operation>
          
     </file> 

     <file path="catalog/model/catalog/category.php">
         <operation>
             <search ><![CDATA[$query = $this->db->query("SELECT * FROM " . DB_PREFIX . "category c LEFT JOIN " . DB_PREFIX . "category_description cd ON (c.category_id = cd.category_id) LEFT JOIN " . DB_PREFIX . "category_to_store c2s ON (c.category_id = c2s.category_id) WHERE c.parent_id = '" . (int)$parent_id . "' AND cd.language_id = '" . (int)$this->config->get('config_language_id') . "' AND c2s.store_id = '" . (int)$this->config->get('config_store_id') . "'  AND c.status = '1' ORDER BY c.sort_order, LCASE(cd.name)");]]></search>
             <add position="replace"><![CDATA[ 

     $query = $this->db->query("SELECT * FROM " . DB_PREFIX . "category c LEFT JOIN " . DB_PREFIX . "category_description cd ON (c.category_id = cd.category_id) LEFT JOIN " . DB_PREFIX . "category_to_store c2s ON (c.category_id = c2s.category_id) WHERE c.parent_id = '" . (int)$parent_id . "' AND c.category_id NOT IN (SELECT category_id FROM " . DB_PREFIX . "lts_category WHERE approved='0') AND cd.language_id = '" . (int)$this->config->get('config_language_id') . "' AND c2s.store_id = '" . (int)$this->config->get('config_store_id') . "'  AND c.status = '1' ORDER BY c.sort_order, LCASE(cd.name)");                 


                 ]]></add>
         </operation>
          
     </file>     

    

</modification>


       

